model,task,fold,metric,value,data_split,ssp
p2s,localization,0.0,eval_loss,0.8045176267623901,cross-validation,NA
p2s,localization,0.0,eval_accuracy,0.7366037735849057,cross-validation,NA
p2s,localization,0.0,eval_precision,0.7580106326834318,cross-validation,NA
p2s,localization,0.0,eval_recall,0.7366037735849057,cross-validation,NA
p2s,localization,0.0,eval_f1,0.7384157765646006,cross-validation,NA
p2s,localization,0.0,eval_mcc,0.6718547835266293,cross-validation,NA
p2s,localization,0.0,eval_runtime,6.5804,cross-validation,NA
p2s,localization,0.0,eval_samples_per_second,201.356,cross-validation,NA
p2s,localization,0.0,eval_steps_per_second,201.356,cross-validation,NA
p2s,localization,0.0,epoch,7.0,cross-validation,NA
p2s,localization,1.0,eval_loss,0.7863627672195435,cross-validation,NA
p2s,localization,1.0,eval_accuracy,0.7418867924528302,cross-validation,NA
p2s,localization,1.0,eval_precision,0.7323723840827462,cross-validation,NA
p2s,localization,1.0,eval_recall,0.7418867924528302,cross-validation,NA
p2s,localization,1.0,eval_f1,0.7346872681409636,cross-validation,NA
p2s,localization,1.0,eval_mcc,0.677278394976847,cross-validation,NA
p2s,localization,1.0,eval_runtime,5.8432,cross-validation,NA
p2s,localization,1.0,eval_samples_per_second,226.759,cross-validation,NA
p2s,localization,1.0,eval_steps_per_second,226.759,cross-validation,NA
p2s,localization,1.0,epoch,8.0,cross-validation,NA
p2s,localization,2.0,eval_loss,0.8001199960708618,cross-validation,NA
p2s,localization,2.0,eval_accuracy,0.7522658610271903,cross-validation,NA
p2s,localization,2.0,eval_precision,0.7819348960020631,cross-validation,NA
p2s,localization,2.0,eval_recall,0.7522658610271903,cross-validation,NA
p2s,localization,2.0,eval_f1,0.7479470959882003,cross-validation,NA
p2s,localization,2.0,eval_mcc,0.7008528172012677,cross-validation,NA
p2s,localization,2.0,eval_runtime,6.0703,cross-validation,NA
p2s,localization,2.0,eval_samples_per_second,218.113,cross-validation,NA
p2s,localization,2.0,eval_steps_per_second,218.113,cross-validation,NA
p2s,localization,2.0,epoch,7.0,cross-validation,NA
p2s,localization,3.0,eval_loss,0.8800716400146484,cross-validation,NA
p2s,localization,3.0,eval_accuracy,0.7235649546827795,cross-validation,NA
p2s,localization,3.0,eval_precision,0.7631545081644519,cross-validation,NA
p2s,localization,3.0,eval_recall,0.7235649546827795,cross-validation,NA
p2s,localization,3.0,eval_f1,0.7259538713129438,cross-validation,NA
p2s,localization,3.0,eval_mcc,0.6648181934606127,cross-validation,NA
p2s,localization,3.0,eval_runtime,5.9883,cross-validation,NA
p2s,localization,3.0,eval_samples_per_second,221.096,cross-validation,NA
p2s,localization,3.0,eval_steps_per_second,221.096,cross-validation,NA
p2s,localization,3.0,epoch,7.0,cross-validation,NA
p2s,localization,4.0,eval_loss,0.8675520420074463,cross-validation,NA
p2s,localization,4.0,eval_accuracy,0.7401812688821753,cross-validation,NA
p2s,localization,4.0,eval_precision,0.7298034959071988,cross-validation,NA
p2s,localization,4.0,eval_recall,0.7401812688821753,cross-validation,NA
p2s,localization,4.0,eval_f1,0.7282077440508236,cross-validation,NA
p2s,localization,4.0,eval_mcc,0.6714563783458692,cross-validation,NA
p2s,localization,4.0,eval_runtime,6.218,cross-validation,NA
p2s,localization,4.0,eval_samples_per_second,212.931,cross-validation,NA
p2s,localization,4.0,eval_steps_per_second,212.931,cross-validation,NA
p2s,localization,4.0,epoch,9.0,cross-validation,NA
p2s,localization,,eval_loss,0.8018133640289307,test,NA
p2s,localization,,eval_accuracy,0.7269272529858849,test,NA
p2s,localization,,eval_precision,0.7113092264460519,test,NA
p2s,localization,,eval_recall,0.7269272529858849,test,NA
p2s,localization,,eval_f1,0.7163634633102952,test,NA
p2s,localization,,eval_mcc,0.6613878604561163,test,NA
p2s,localization,,eval_runtime,8.1735,test,NA
p2s,localization,,eval_samples_per_second,225.363,test,NA
p2s,localization,,eval_steps_per_second,225.363,test,NA
p2s,localization,,epoch,7.0,test,NA
p2s,fluorescence,0.0,eval_loss,0.4466432631015777,cross-validation,NA
p2s,fluorescence,0.0,eval_spearmanr,0.6742018979343678,cross-validation,NA
p2s,fluorescence,0.0,eval_runtime,21.8527,cross-validation,NA
p2s,fluorescence,0.0,eval_samples_per_second,245.37,cross-validation,NA
p2s,fluorescence,0.0,eval_steps_per_second,245.37,cross-validation,NA
p2s,fluorescence,0.0,epoch,7.0,cross-validation,NA
p2s,fluorescence,1.0,eval_loss,0.43895423412323,cross-validation,NA
p2s,fluorescence,1.0,eval_spearmanr,0.6549424442374048,cross-validation,NA
p2s,fluorescence,1.0,eval_runtime,21.9643,cross-validation,NA
p2s,fluorescence,1.0,eval_samples_per_second,244.123,cross-validation,NA
p2s,fluorescence,1.0,eval_steps_per_second,244.123,cross-validation,NA
p2s,fluorescence,1.0,epoch,6.0,cross-validation,NA
p2s,fluorescence,2.0,eval_loss,0.7895041704177856,cross-validation,NA
p2s,fluorescence,2.0,eval_spearmanr,0.6139374227123867,cross-validation,NA
p2s,fluorescence,2.0,eval_runtime,22.8862,cross-validation,NA
p2s,fluorescence,2.0,eval_samples_per_second,234.29,cross-validation,NA
p2s,fluorescence,2.0,eval_steps_per_second,234.29,cross-validation,NA
p2s,fluorescence,2.0,epoch,6.0,cross-validation,NA
p2s,fluorescence,3.0,eval_loss,0.5208869576454163,cross-validation,NA
p2s,fluorescence,3.0,eval_spearmanr,0.6455254662673912,cross-validation,NA
p2s,fluorescence,3.0,eval_runtime,21.8551,cross-validation,NA
p2s,fluorescence,3.0,eval_samples_per_second,245.298,cross-validation,NA
p2s,fluorescence,3.0,eval_steps_per_second,245.298,cross-validation,NA
p2s,fluorescence,3.0,epoch,6.0,cross-validation,NA
p2s,fluorescence,4.0,eval_loss,0.3495775461196899,cross-validation,NA
p2s,fluorescence,4.0,eval_spearmanr,0.6523496414646133,cross-validation,NA
p2s,fluorescence,4.0,eval_runtime,22.0102,cross-validation,NA
p2s,fluorescence,4.0,eval_samples_per_second,243.569,cross-validation,NA
p2s,fluorescence,4.0,eval_steps_per_second,243.569,cross-validation,NA
p2s,fluorescence,4.0,epoch,6.0,cross-validation,NA
p2s,fluorescence,,eval_loss,0.9523810744285583,test,NA
p2s,fluorescence,,eval_spearmanr,0.6256713012905695,test,NA
p2s,fluorescence,,eval_runtime,123.65,test,NA
p2s,fluorescence,,eval_samples_per_second,220.113,test,NA
p2s,fluorescence,,eval_steps_per_second,220.113,test,NA
p2s,fluorescence,,epoch,6.0,test,NA
p2s,solubility,0.0,eval_loss,0.4749718308448791,cross-validation,NA
p2s,solubility,0.0,eval_accuracy,0.7611639297032555,cross-validation,NA
p2s,solubility,0.0,eval_precision,0.733383543588778,cross-validation,NA
p2s,solubility,0.0,eval_recall,0.6721311475409836,cross-validation,NA
p2s,solubility,0.0,eval_f1,0.7014226544210337,cross-validation,NA
p2s,solubility,0.0,eval_mcc,0.5043646591563593,cross-validation,NA
p2s,solubility,0.0,eval_runtime,65.7693,cross-validation,NA
p2s,solubility,0.0,eval_samples_per_second,211.101,cross-validation,NA
p2s,solubility,0.0,eval_steps_per_second,211.101,cross-validation,NA
p2s,solubility,0.0,epoch,6.0,cross-validation,NA
p2s,solubility,1.0,eval_loss,0.4660684764385223,cross-validation,NA
p2s,solubility,1.0,eval_accuracy,0.7659896283491789,cross-validation,NA
p2s,solubility,1.0,eval_precision,0.7353920118343196,cross-validation,NA
p2s,solubility,1.0,eval_recall,0.6862812769628991,cross-validation,NA
p2s,solubility,1.0,eval_f1,0.7099883959653663,cross-validation,NA
p2s,solubility,1.0,eval_mcc,0.5151069483724569,cross-validation,NA
p2s,solubility,1.0,eval_runtime,63.4829,cross-validation,NA
p2s,solubility,1.0,eval_samples_per_second,218.705,cross-validation,NA
p2s,solubility,1.0,eval_steps_per_second,218.705,cross-validation,NA
p2s,solubility,1.0,epoch,7.0,cross-validation,NA
p2s,solubility,2.0,eval_loss,0.4853530824184418,cross-validation,NA
p2s,solubility,2.0,eval_accuracy,0.7588591184096802,cross-validation,NA
p2s,solubility,2.0,eval_precision,0.7728692547969657,cross-validation,NA
p2s,solubility,2.0,eval_recall,0.597859855022437,cross-validation,NA
p2s,solubility,2.0,eval_f1,0.674192292720903,cross-validation,NA
p2s,solubility,2.0,eval_mcc,0.4978321156382826,cross-validation,NA
p2s,solubility,2.0,eval_runtime,68.2388,cross-validation,NA
p2s,solubility,2.0,eval_samples_per_second,203.462,cross-validation,NA
p2s,solubility,2.0,eval_steps_per_second,203.462,cross-validation,NA
p2s,solubility,2.0,epoch,6.0,cross-validation,NA
p2s,solubility,3.0,eval_loss,0.4815738797187805,cross-validation,NA
p2s,solubility,3.0,eval_accuracy,0.7626044367617402,cross-validation,NA
p2s,solubility,3.0,eval_precision,0.7699956766104626,cross-validation,NA
p2s,solubility,3.0,eval_recall,0.6147739040386607,cross-validation,NA
p2s,solubility,3.0,eval_f1,0.6836852207293667,cross-validation,NA
p2s,solubility,3.0,eval_mcc,0.5055651387788368,cross-validation,NA
p2s,solubility,3.0,eval_runtime,70.7951,cross-validation,NA
p2s,solubility,3.0,eval_samples_per_second,196.115,cross-validation,NA
p2s,solubility,3.0,eval_steps_per_second,196.115,cross-validation,NA
p2s,solubility,3.0,epoch,6.0,cross-validation,NA
p2s,solubility,4.0,eval_loss,0.4697578847408294,cross-validation,NA
p2s,solubility,4.0,eval_accuracy,0.7625324114088159,cross-validation,NA
p2s,solubility,4.0,eval_precision,0.7562076749435666,cross-validation,NA
p2s,solubility,4.0,eval_recall,0.6360027614773904,cross-validation,NA
p2s,solubility,4.0,eval_f1,0.6909159088778475,cross-validation,NA
p2s,solubility,4.0,eval_mcc,0.5053882332141579,cross-validation,NA
p2s,solubility,4.0,eval_runtime,59.6745,cross-validation,NA
p2s,solubility,4.0,eval_samples_per_second,232.662,cross-validation,NA
p2s,solubility,4.0,eval_steps_per_second,232.662,cross-validation,NA
p2s,solubility,4.0,epoch,6.0,cross-validation,NA
p2s,solubility,,eval_loss,0.5146416425704956,test,NA
p2s,solubility,,eval_accuracy,0.7411294352823589,test,NA
p2s,solubility,,eval_precision,0.6978653530377669,test,NA
p2s,solubility,,eval_recall,0.85,test,NA
p2s,solubility,,eval_f1,0.7664562669071235,test,NA
p2s,solubility,,eval_mcc,0.4941862661473273,test,NA
p2s,solubility,,eval_runtime,10.0489,test,NA
p2s,solubility,,eval_samples_per_second,199.127,test,NA
p2s,solubility,,eval_steps_per_second,199.127,test,NA
p2s,solubility,,epoch,7.0,test,NA
p2s,transporters,0.0,eval_loss,0.5619977116584778,cross-validation,NA
p2s,transporters,0.0,eval_accuracy,0.822463768115942,cross-validation,NA
p2s,transporters,0.0,eval_precision,0.7553956834532374,cross-validation,NA
p2s,transporters,0.0,eval_recall,0.875,cross-validation,NA
p2s,transporters,0.0,eval_f1,0.8108108108108109,cross-validation,NA
p2s,transporters,0.0,eval_mcc,0.6514551257580816,cross-validation,NA
p2s,transporters,0.0,eval_runtime,1.5097,cross-validation,NA
p2s,transporters,0.0,eval_samples_per_second,182.818,cross-validation,NA
p2s,transporters,0.0,eval_steps_per_second,182.818,cross-validation,NA
p2s,transporters,0.0,epoch,9.0,cross-validation,NA
p2s,transporters,1.0,eval_loss,0.3233720064163208,cross-validation,NA
p2s,transporters,1.0,eval_accuracy,0.855072463768116,cross-validation,NA
p2s,transporters,1.0,eval_precision,0.8076923076923077,cross-validation,NA
p2s,transporters,1.0,eval_recall,0.875,cross-validation,NA
p2s,transporters,1.0,eval_f1,0.8400000000000001,cross-validation,NA
p2s,transporters,1.0,eval_mcc,0.709831204455108,cross-validation,NA
p2s,transporters,1.0,eval_runtime,1.4544,cross-validation,NA
p2s,transporters,1.0,eval_samples_per_second,189.763,cross-validation,NA
p2s,transporters,1.0,eval_steps_per_second,189.763,cross-validation,NA
p2s,transporters,1.0,epoch,8.0,cross-validation,NA
p2s,transporters,2.0,eval_loss,0.3914447724819183,cross-validation,NA
p2s,transporters,2.0,eval_accuracy,0.8405797101449275,cross-validation,NA
p2s,transporters,2.0,eval_precision,0.8064516129032258,cross-validation,NA
p2s,transporters,2.0,eval_recall,0.8333333333333334,cross-validation,NA
p2s,transporters,2.0,eval_f1,0.819672131147541,cross-validation,NA
p2s,transporters,2.0,eval_mcc,0.677175991908484,cross-validation,NA
p2s,transporters,2.0,eval_runtime,1.4387,cross-validation,NA
p2s,transporters,2.0,eval_samples_per_second,191.836,cross-validation,NA
p2s,transporters,2.0,eval_steps_per_second,191.836,cross-validation,NA
p2s,transporters,2.0,epoch,7.0,cross-validation,NA
p2s,transporters,3.0,eval_loss,0.4578361809253692,cross-validation,NA
p2s,transporters,3.0,eval_accuracy,0.8115942028985508,cross-validation,NA
p2s,transporters,3.0,eval_precision,0.7266666666666667,cross-validation,NA
p2s,transporters,3.0,eval_recall,0.9083333333333332,cross-validation,NA
p2s,transporters,3.0,eval_f1,0.8074074074074075,cross-validation,NA
p2s,transporters,3.0,eval_mcc,0.6424315961395078,cross-validation,NA
p2s,transporters,3.0,eval_runtime,1.4499,cross-validation,NA
p2s,transporters,3.0,eval_samples_per_second,190.36,cross-validation,NA
p2s,transporters,3.0,eval_steps_per_second,190.36,cross-validation,NA
p2s,transporters,3.0,epoch,8.0,cross-validation,NA
p2s,transporters,4.0,eval_loss,0.4462036490440368,cross-validation,NA
p2s,transporters,4.0,eval_accuracy,0.8840579710144928,cross-validation,NA
p2s,transporters,4.0,eval_precision,0.8384615384615385,cross-validation,NA
p2s,transporters,4.0,eval_recall,0.9083333333333332,cross-validation,NA
p2s,transporters,4.0,eval_f1,0.872,cross-validation,NA
p2s,transporters,4.0,eval_mcc,0.7684002365715832,cross-validation,NA
p2s,transporters,4.0,eval_runtime,1.4107,cross-validation,NA
p2s,transporters,4.0,eval_samples_per_second,195.65,cross-validation,NA
p2s,transporters,4.0,eval_steps_per_second,195.65,cross-validation,NA
p2s,transporters,4.0,epoch,10.0,cross-validation,NA
p2s,transporters,,eval_loss,0.4533240497112274,test,NA
p2s,transporters,,eval_accuracy,0.8277777777777777,test,NA
p2s,transporters,,eval_precision,0.7164179104477612,test,NA
p2s,transporters,,eval_recall,0.8,test,NA
p2s,transporters,,eval_f1,0.7559055118110236,test,NA
p2s,transporters,,eval_mcc,0.6257474727211925,test,NA
p2s,transporters,,eval_runtime,1.26,test,NA
p2s,transporters,,eval_samples_per_second,142.861,test,NA
p2s,transporters,,eval_steps_per_second,142.861,test,NA
p2s,transporters,,epoch,6.0,test,NA
p2s,ionchannels,0.0,eval_loss,0.0910995304584503,cross-validation,NA
p2s,ionchannels,0.0,eval_accuracy,0.9781121751025992,cross-validation,NA
p2s,ionchannels,0.0,eval_precision,0.9714285714285714,cross-validation,NA
p2s,ionchannels,0.0,eval_recall,0.6938775510204082,cross-validation,NA
p2s,ionchannels,0.0,eval_f1,0.8095238095238094,cross-validation,NA
p2s,ionchannels,0.0,eval_mcc,0.8109904063970197,cross-validation,NA
p2s,ionchannels,0.0,eval_runtime,4.4289,cross-validation,NA
p2s,ionchannels,0.0,eval_samples_per_second,165.054,cross-validation,NA
p2s,ionchannels,0.0,eval_steps_per_second,165.054,cross-validation,NA
p2s,ionchannels,0.0,epoch,6.0,cross-validation,NA
p2s,ionchannels,1.0,eval_loss,0.0922301039099693,cross-validation,NA
p2s,ionchannels,1.0,eval_accuracy,0.9794801641586868,cross-validation,NA
p2s,ionchannels,1.0,eval_precision,1.0,cross-validation,NA
p2s,ionchannels,1.0,eval_recall,0.6875,cross-validation,NA
p2s,ionchannels,1.0,eval_f1,0.8148148148148148,cross-validation,NA
p2s,ionchannels,1.0,eval_mcc,0.8201985398055402,cross-validation,NA
p2s,ionchannels,1.0,eval_runtime,4.2298,cross-validation,NA
p2s,ionchannels,1.0,eval_samples_per_second,172.821,cross-validation,NA
p2s,ionchannels,1.0,eval_steps_per_second,172.821,cross-validation,NA
p2s,ionchannels,1.0,epoch,9.0,cross-validation,NA
p2s,ionchannels,2.0,eval_loss,0.0851198360323906,cross-validation,NA
p2s,ionchannels,2.0,eval_accuracy,0.9781121751025992,cross-validation,NA
p2s,ionchannels,2.0,eval_precision,0.9444444444444444,cross-validation,NA
p2s,ionchannels,2.0,eval_recall,0.7083333333333334,cross-validation,NA
p2s,ionchannels,2.0,eval_f1,0.8095238095238096,cross-validation,NA
p2s,ionchannels,2.0,eval_mcc,0.8074690744116945,cross-validation,NA
p2s,ionchannels,2.0,eval_runtime,4.2615,cross-validation,NA
p2s,ionchannels,2.0,eval_samples_per_second,171.536,cross-validation,NA
p2s,ionchannels,2.0,eval_steps_per_second,171.536,cross-validation,NA
p2s,ionchannels,2.0,epoch,9.0,cross-validation,NA
p2s,ionchannels,3.0,eval_loss,0.038242969661951,cross-validation,NA
p2s,ionchannels,3.0,eval_accuracy,0.9917920656634748,cross-validation,NA
p2s,ionchannels,3.0,eval_precision,1.0,cross-validation,NA
p2s,ionchannels,3.0,eval_recall,0.875,cross-validation,NA
p2s,ionchannels,3.0,eval_f1,0.9333333333333332,cross-validation,NA
p2s,ionchannels,3.0,eval_mcc,0.9313325191617576,cross-validation,NA
p2s,ionchannels,3.0,eval_runtime,4.946,cross-validation,NA
p2s,ionchannels,3.0,eval_samples_per_second,147.797,cross-validation,NA
p2s,ionchannels,3.0,eval_steps_per_second,147.797,cross-validation,NA
p2s,ionchannels,3.0,epoch,8.0,cross-validation,NA
p2s,ionchannels,4.0,eval_loss,0.0384736508131027,cross-validation,NA
p2s,ionchannels,4.0,eval_accuracy,0.9904109589041096,cross-validation,NA
p2s,ionchannels,4.0,eval_precision,0.9767441860465116,cross-validation,NA
p2s,ionchannels,4.0,eval_recall,0.875,cross-validation,NA
p2s,ionchannels,4.0,eval_f1,0.923076923076923,cross-validation,NA
p2s,ionchannels,4.0,eval_mcc,0.9195596071318064,cross-validation,NA
p2s,ionchannels,4.0,eval_runtime,4.6987,cross-validation,NA
p2s,ionchannels,4.0,eval_samples_per_second,155.362,cross-validation,NA
p2s,ionchannels,4.0,eval_steps_per_second,155.362,cross-validation,NA
p2s,ionchannels,4.0,epoch,6.0,cross-validation,NA
p2s,ionchannels,,eval_loss,0.0968159288167953,test,NA
p2s,ionchannels,,eval_accuracy,0.9791208791208792,test,NA
p2s,ionchannels,,eval_precision,0.9555555555555556,test,NA
p2s,ionchannels,,eval_recall,0.7166666666666667,test,NA
p2s,ionchannels,,eval_f1,0.8190476190476191,test,NA
p2s,ionchannels,,eval_mcc,0.8176355625560027,test,NA
p2s,ionchannels,,eval_runtime,5.5345,test,NA
p2s,ionchannels,,eval_samples_per_second,164.424,test,NA
p2s,ionchannels,,eval_steps_per_second,164.424,test,NA
p2s,ionchannels,,epoch,6.0,test,NA
p2s,mp,0.0,eval_loss,0.2116111367940902,cross-validation,NA
p2s,mp,0.0,eval_accuracy,0.9217634275069854,cross-validation,NA
p2s,mp,0.0,eval_precision,0.9121863799283154,cross-validation,NA
p2s,mp,0.0,eval_recall,0.9356617647058824,cross-validation,NA
p2s,mp,0.0,eval_f1,0.9237749546279492,cross-validation,NA
p2s,mp,0.0,eval_mcc,0.8437317139729915,cross-validation,NA
p2s,mp,0.0,eval_runtime,17.7614,cross-validation,NA
p2s,mp,0.0,eval_samples_per_second,181.349,cross-validation,NA
p2s,mp,0.0,eval_steps_per_second,181.349,cross-validation,NA
p2s,mp,0.0,epoch,7.0,cross-validation,NA
p2s,mp,1.0,eval_loss,0.2098725587129593,cross-validation,NA
p2s,mp,1.0,eval_accuracy,0.9146227879540516,cross-validation,NA
p2s,mp,1.0,eval_precision,0.9075075075075076,cross-validation,NA
p2s,mp,1.0,eval_recall,0.9258578431372548,cross-validation,NA
p2s,mp,1.0,eval_f1,0.9165908401577192,cross-validation,NA
p2s,mp,1.0,eval_mcc,0.8293426804127,cross-validation,NA
p2s,mp,1.0,eval_runtime,17.8492,cross-validation,NA
p2s,mp,1.0,eval_samples_per_second,180.457,cross-validation,NA
p2s,mp,1.0,eval_steps_per_second,180.457,cross-validation,NA
p2s,mp,1.0,epoch,6.0,cross-validation,NA
p2s,mp,2.0,eval_loss,0.20292828977108,cross-validation,NA
p2s,mp,2.0,eval_accuracy,0.9251552795031056,cross-validation,NA
p2s,mp,2.0,eval_precision,0.9093050647820966,cross-validation,NA
p2s,mp,2.0,eval_recall,0.9466584917228694,cross-validation,NA
p2s,mp,2.0,eval_f1,0.92760588765395,cross-validation,NA
p2s,mp,2.0,eval_mcc,0.8509419667577394,cross-validation,NA
p2s,mp,2.0,eval_runtime,16.4085,cross-validation,NA
p2s,mp,2.0,eval_samples_per_second,196.24,cross-validation,NA
p2s,mp,2.0,eval_steps_per_second,196.24,cross-validation,NA
p2s,mp,2.0,epoch,6.0,cross-validation,NA
p2s,mp,3.0,eval_loss,0.2096205204725265,cross-validation,NA
p2s,mp,3.0,eval_accuracy,0.9211180124223602,cross-validation,NA
p2s,mp,3.0,eval_precision,0.935483870967742,cross-validation,NA
p2s,mp,3.0,eval_recall,0.9068056407112202,cross-validation,NA
p2s,mp,3.0,eval_f1,0.9209215442092156,cross-validation,NA
p2s,mp,3.0,eval_mcc,0.842679358038662,cross-validation,NA
p2s,mp,3.0,eval_runtime,16.4257,cross-validation,NA
p2s,mp,3.0,eval_samples_per_second,196.034,cross-validation,NA
p2s,mp,3.0,eval_steps_per_second,196.034,cross-validation,NA
p2s,mp,3.0,epoch,7.0,cross-validation,NA
p2s,mp,4.0,eval_loss,0.2192458659410476,cross-validation,NA
p2s,mp,4.0,eval_accuracy,0.920496894409938,cross-validation,NA
p2s,mp,4.0,eval_precision,0.9278158058494088,cross-validation,NA
p2s,mp,4.0,eval_recall,0.9141630901287554,cross-validation,NA
p2s,mp,4.0,eval_f1,0.9209388511426806,cross-validation,NA
p2s,mp,4.0,eval_mcc,0.8410911049221838,cross-validation,NA
p2s,mp,4.0,eval_runtime,18.0161,cross-validation,NA
p2s,mp,4.0,eval_samples_per_second,178.729,cross-validation,NA
p2s,mp,4.0,eval_steps_per_second,178.729,cross-validation,NA
p2s,mp,4.0,epoch,6.0,cross-validation,NA
p2s,mp,,eval_loss,0.1846756339073181,test,NA
p2s,mp,,eval_accuracy,0.9312849162011172,test,NA
p2s,mp,,eval_precision,0.9032921810699588,test,NA
p2s,mp,,eval_recall,0.968026460859978,test,NA
p2s,mp,,eval_f1,0.9345396487493348,test,NA
p2s,mp,,eval_mcc,0.8646998459407412,test,NA
p2s,mp,,eval_runtime,10.9691,test,NA
p2s,mp,,eval_samples_per_second,163.186,test,NA
p2s,mp,,eval_steps_per_second,163.186,test,NA
p2s,mp,,epoch,7.0,test,NA
ankh,localization,0.0,eval_loss,0.8018484711647034,cross-validation,NA
ankh,localization,0.0,eval_accuracy,0.790188679245283,cross-validation,NA
ankh,localization,0.0,eval_precision,0.7937263877804762,cross-validation,NA
ankh,localization,0.0,eval_recall,0.790188679245283,cross-validation,NA
ankh,localization,0.0,eval_f1,0.7855174647408198,cross-validation,NA
ankh,localization,0.0,eval_mcc,0.7403731711404278,cross-validation,NA
ankh,localization,0.0,eval_runtime,7.0298,cross-validation,NA
ankh,localization,0.0,eval_samples_per_second,188.484,cross-validation,NA
ankh,localization,0.0,eval_steps_per_second,188.484,cross-validation,NA
ankh,localization,0.0,epoch,7.0,cross-validation,NA
ankh,localization,1.0,eval_loss,0.8725070953369141,cross-validation,NA
ankh,localization,1.0,eval_accuracy,0.7818867924528302,cross-validation,NA
ankh,localization,1.0,eval_precision,0.8022775338525299,cross-validation,NA
ankh,localization,1.0,eval_recall,0.7818867924528302,cross-validation,NA
ankh,localization,1.0,eval_f1,0.7771766257310316,cross-validation,NA
ankh,localization,1.0,eval_mcc,0.7326224224584816,cross-validation,NA
ankh,localization,1.0,eval_runtime,6.8702,cross-validation,NA
ankh,localization,1.0,eval_samples_per_second,192.861,cross-validation,NA
ankh,localization,1.0,eval_steps_per_second,192.861,cross-validation,NA
ankh,localization,1.0,epoch,7.0,cross-validation,NA
ankh,localization,2.0,eval_loss,0.7976551651954651,cross-validation,NA
ankh,localization,2.0,eval_accuracy,0.775679758308157,cross-validation,NA
ankh,localization,2.0,eval_precision,0.7739153132038359,cross-validation,NA
ankh,localization,2.0,eval_recall,0.775679758308157,cross-validation,NA
ankh,localization,2.0,eval_f1,0.766869874570019,cross-validation,NA
ankh,localization,2.0,eval_mcc,0.7207421690579036,cross-validation,NA
ankh,localization,2.0,eval_runtime,6.9312,cross-validation,NA
ankh,localization,2.0,eval_samples_per_second,191.02,cross-validation,NA
ankh,localization,2.0,eval_steps_per_second,191.02,cross-validation,NA
ankh,localization,2.0,epoch,6.0,cross-validation,NA
ankh,localization,3.0,eval_loss,0.8174088001251221,cross-validation,NA
ankh,localization,3.0,eval_accuracy,0.7900302114803626,cross-validation,NA
ankh,localization,3.0,eval_precision,0.7902180471311739,cross-validation,NA
ankh,localization,3.0,eval_recall,0.7900302114803626,cross-validation,NA
ankh,localization,3.0,eval_f1,0.784926816771838,cross-validation,NA
ankh,localization,3.0,eval_mcc,0.7382710875736659,cross-validation,NA
ankh,localization,3.0,eval_runtime,5.9329,cross-validation,NA
ankh,localization,3.0,eval_samples_per_second,223.164,cross-validation,NA
ankh,localization,3.0,eval_steps_per_second,223.164,cross-validation,NA
ankh,localization,3.0,epoch,7.0,cross-validation,NA
ankh,localization,4.0,eval_loss,0.8171003460884094,cross-validation,NA
ankh,localization,4.0,eval_accuracy,0.7915407854984894,cross-validation,NA
ankh,localization,4.0,eval_precision,0.8017036183859612,cross-validation,NA
ankh,localization,4.0,eval_recall,0.7915407854984894,cross-validation,NA
ankh,localization,4.0,eval_f1,0.7885799134752182,cross-validation,NA
ankh,localization,4.0,eval_mcc,0.743013729852413,cross-validation,NA
ankh,localization,4.0,eval_runtime,6.9112,cross-validation,NA
ankh,localization,4.0,eval_samples_per_second,191.572,cross-validation,NA
ankh,localization,4.0,eval_steps_per_second,191.572,cross-validation,NA
ankh,localization,4.0,epoch,7.0,cross-validation,NA
ankh,localization,,eval_loss,0.7483129501342773,test,NA
ankh,localization,,eval_accuracy,0.8094462540716613,test,NA
ankh,localization,,eval_precision,0.8122461976702405,test,NA
ankh,localization,,eval_recall,0.8094462540716613,test,NA
ankh,localization,,eval_f1,0.7996451821431689,test,NA
ankh,localization,,eval_mcc,0.766296160355785,test,NA
ankh,localization,,eval_runtime,10.1095,test,NA
ankh,localization,,eval_samples_per_second,182.204,test,NA
ankh,localization,,eval_steps_per_second,182.204,test,NA
ankh,localization,,epoch,6.0,test,NA
ankh,fluorescence,0.0,eval_loss,0.2739907503128052,cross-validation,NA
ankh,fluorescence,0.0,eval_spearmanr,0.6244082736942919,cross-validation,NA
ankh,fluorescence,0.0,eval_runtime,26.3911,cross-validation,NA
ankh,fluorescence,0.0,eval_samples_per_second,203.174,cross-validation,NA
ankh,fluorescence,0.0,eval_steps_per_second,203.174,cross-validation,NA
ankh,fluorescence,0.0,epoch,7.0,cross-validation,NA
ankh,fluorescence,1.0,eval_loss,0.3505567908287048,cross-validation,NA
ankh,fluorescence,1.0,eval_spearmanr,0.6375394377836429,cross-validation,NA
ankh,fluorescence,1.0,eval_runtime,26.2119,cross-validation,NA
ankh,fluorescence,1.0,eval_samples_per_second,204.563,cross-validation,NA
ankh,fluorescence,1.0,eval_steps_per_second,204.563,cross-validation,NA
ankh,fluorescence,1.0,epoch,7.0,cross-validation,NA
ankh,fluorescence,2.0,eval_loss,1.521097183227539,cross-validation,NA
ankh,fluorescence,2.0,eval_spearmanr,0.6533332496754488,cross-validation,NA
ankh,fluorescence,2.0,eval_runtime,28.6485,cross-validation,NA
ankh,fluorescence,2.0,eval_samples_per_second,187.165,cross-validation,NA
ankh,fluorescence,2.0,eval_steps_per_second,187.165,cross-validation,NA
ankh,fluorescence,2.0,epoch,8.0,cross-validation,NA
ankh,fluorescence,3.0,eval_loss,2.239360809326172,cross-validation,NA
ankh,fluorescence,3.0,eval_spearmanr,0.6484675415106368,cross-validation,NA
ankh,fluorescence,3.0,eval_runtime,27.3133,cross-validation,NA
ankh,fluorescence,3.0,eval_samples_per_second,196.278,cross-validation,NA
ankh,fluorescence,3.0,eval_steps_per_second,196.278,cross-validation,NA
ankh,fluorescence,3.0,epoch,7.0,cross-validation,NA
ankh,fluorescence,4.0,eval_loss,0.2402903735637664,cross-validation,NA
ankh,fluorescence,4.0,eval_spearmanr,0.6160497343192491,cross-validation,NA
ankh,fluorescence,4.0,eval_runtime,26.7421,cross-validation,NA
ankh,fluorescence,4.0,eval_samples_per_second,200.471,cross-validation,NA
ankh,fluorescence,4.0,eval_steps_per_second,200.471,cross-validation,NA
ankh,fluorescence,4.0,epoch,7.0,cross-validation,NA
ankh,fluorescence,,eval_loss,4.711932182312012,test,NA
ankh,fluorescence,,eval_spearmanr,0.6063624624732679,test,NA
ankh,fluorescence,,eval_runtime,152.4018,test,NA
ankh,fluorescence,,eval_samples_per_second,178.587,test,NA
ankh,fluorescence,,eval_steps_per_second,178.587,test,NA
ankh,fluorescence,,epoch,7.0,test,NA
ankh,solubility,0.0,eval_loss,0.4523589313030243,cross-validation,NA
ankh,solubility,0.0,eval_accuracy,0.7793143186401613,cross-validation,NA
ankh,solubility,0.0,eval_precision,0.7590590020868906,cross-validation,NA
ankh,solubility,0.0,eval_recall,0.6904227782571182,cross-validation,NA
ankh,solubility,0.0,eval_f1,0.7231158503524309,cross-validation,NA
ankh,solubility,0.0,eval_mcc,0.5420249094804525,cross-validation,NA
ankh,solubility,0.0,eval_runtime,67.2356,cross-validation,NA
ankh,solubility,0.0,eval_samples_per_second,206.498,cross-validation,NA
ankh,solubility,0.0,eval_steps_per_second,206.498,cross-validation,NA
ankh,solubility,0.0,epoch,6.0,cross-validation,NA
ankh,solubility,1.0,eval_loss,0.4651793241500854,cross-validation,NA
ankh,solubility,1.0,eval_accuracy,0.7721838087006626,cross-validation,NA
ankh,solubility,1.0,eval_precision,0.7283136710617627,cross-validation,NA
ankh,solubility,1.0,eval_recall,0.7244176013805005,cross-validation,NA
ankh,solubility,1.0,eval_f1,0.7263604118003287,cross-validation,NA
ankh,solubility,1.0,eval_mcc,0.5312299196632464,cross-validation,NA
ankh,solubility,1.0,eval_runtime,66.709,cross-validation,NA
ankh,solubility,1.0,eval_samples_per_second,208.128,cross-validation,NA
ankh,solubility,1.0,eval_steps_per_second,208.128,cross-validation,NA
ankh,solubility,1.0,epoch,6.0,cross-validation,NA
ankh,solubility,2.0,eval_loss,0.8441036343574524,cross-validation,NA
ankh,solubility,2.0,eval_accuracy,0.6670988187842121,cross-validation,NA
ankh,solubility,2.0,eval_precision,0.559869227625664,cross-validation,NA
ankh,solubility,2.0,eval_recall,0.945806006213324,cross-validation,NA
ankh,solubility,2.0,eval_f1,0.7033756898986009,cross-validation,NA
ankh,solubility,2.0,eval_mcc,0.4468878290665083,cross-validation,NA
ankh,solubility,2.0,eval_runtime,66.2007,cross-validation,NA
ankh,solubility,2.0,eval_samples_per_second,209.726,cross-validation,NA
ankh,solubility,2.0,eval_steps_per_second,209.726,cross-validation,NA
ankh,solubility,2.0,epoch,6.0,cross-validation,NA
ankh,solubility,3.0,eval_loss,0.595488965511322,cross-validation,NA
ankh,solubility,3.0,eval_accuracy,0.7323537885335638,cross-validation,NA
ankh,solubility,3.0,eval_precision,0.63222193942479,cross-validation,NA
ankh,solubility,3.0,eval_recall,0.8574387297204004,cross-validation,NA
ankh,solubility,3.0,eval_f1,0.7278054497509523,cross-validation,NA
ankh,solubility,3.0,eval_mcc,0.4976719907274582,cross-validation,NA
ankh,solubility,3.0,eval_runtime,69.134,cross-validation,NA
ankh,solubility,3.0,eval_samples_per_second,200.828,cross-validation,NA
ankh,solubility,3.0,eval_steps_per_second,200.828,cross-validation,NA
ankh,solubility,3.0,epoch,6.0,cross-validation,NA
ankh,solubility,4.0,eval_loss,0.5151938199996948,cross-validation,NA
ankh,solubility,4.0,eval_accuracy,0.774488619994238,cross-validation,NA
ankh,solubility,4.0,eval_precision,0.7562055031749086,cross-validation,NA
ankh,solubility,4.0,eval_recall,0.6782878840179496,cross-validation,NA
ankh,solubility,4.0,eval_f1,0.7151305613683923,cross-validation,NA
ankh,solubility,4.0,eval_mcc,0.5315597393870467,cross-validation,NA
ankh,solubility,4.0,eval_runtime,66.8366,cross-validation,NA
ankh,solubility,4.0,eval_samples_per_second,207.731,cross-validation,NA
ankh,solubility,4.0,eval_steps_per_second,207.731,cross-validation,NA
ankh,solubility,4.0,epoch,6.0,cross-validation,NA
ankh,solubility,,eval_loss,0.4878212213516235,test,NA
ankh,solubility,,eval_accuracy,0.7581209395302348,test,NA
ankh,solubility,,eval_precision,0.7733050847457628,test,NA
ankh,solubility,,eval_recall,0.73,test,NA
ankh,solubility,,eval_f1,0.7510288065843621,test,NA
ankh,solubility,,eval_mcc,0.5170388140310553,test,NA
ankh,solubility,,eval_runtime,10.2897,test,NA
ankh,solubility,,eval_samples_per_second,194.467,test,NA
ankh,solubility,,eval_steps_per_second,194.467,test,NA
ankh,solubility,,epoch,6.0,test,NA
ankh,transporters,0.0,eval_loss,0.4073675274848938,cross-validation,NA
ankh,transporters,0.0,eval_accuracy,0.894927536231884,cross-validation,NA
ankh,transporters,0.0,eval_precision,0.8699186991869918,cross-validation,NA
ankh,transporters,0.0,eval_recall,0.8916666666666667,cross-validation,NA
ankh,transporters,0.0,eval_f1,0.8806584362139918,cross-validation,NA
ankh,transporters,0.0,eval_mcc,0.7870242345734965,cross-validation,NA
ankh,transporters,0.0,eval_runtime,1.8648,cross-validation,NA
ankh,transporters,0.0,eval_samples_per_second,148.005,cross-validation,NA
ankh,transporters,0.0,eval_steps_per_second,148.005,cross-validation,NA
ankh,transporters,0.0,epoch,10.0,cross-validation,NA
ankh,transporters,1.0,eval_loss,0.3504238724708557,cross-validation,NA
ankh,transporters,1.0,eval_accuracy,0.9057971014492754,cross-validation,NA
ankh,transporters,1.0,eval_precision,0.8916666666666667,cross-validation,NA
ankh,transporters,1.0,eval_recall,0.8916666666666667,cross-validation,NA
ankh,transporters,1.0,eval_f1,0.8916666666666667,cross-validation,NA
ankh,transporters,1.0,eval_mcc,0.8083333333333333,cross-validation,NA
ankh,transporters,1.0,eval_runtime,1.6453,cross-validation,NA
ankh,transporters,1.0,eval_samples_per_second,167.752,cross-validation,NA
ankh,transporters,1.0,eval_steps_per_second,167.752,cross-validation,NA
ankh,transporters,1.0,epoch,10.0,cross-validation,NA
ankh,transporters,2.0,eval_loss,0.5100532174110413,cross-validation,NA
ankh,transporters,2.0,eval_accuracy,0.8659420289855072,cross-validation,NA
ankh,transporters,2.0,eval_precision,0.816793893129771,cross-validation,NA
ankh,transporters,2.0,eval_recall,0.8916666666666667,cross-validation,NA
ankh,transporters,2.0,eval_f1,0.852589641434263,cross-validation,NA
ankh,transporters,2.0,eval_mcc,0.7324601448613531,cross-validation,NA
ankh,transporters,2.0,eval_runtime,1.9446,cross-validation,NA
ankh,transporters,2.0,eval_samples_per_second,141.931,cross-validation,NA
ankh,transporters,2.0,eval_steps_per_second,141.931,cross-validation,NA
ankh,transporters,2.0,epoch,7.0,cross-validation,NA
ankh,transporters,3.0,eval_loss,0.383941113948822,cross-validation,NA
ankh,transporters,3.0,eval_accuracy,0.8804347826086957,cross-validation,NA
ankh,transporters,3.0,eval_precision,0.8270676691729323,cross-validation,NA
ankh,transporters,3.0,eval_recall,0.9166666666666666,cross-validation,NA
ankh,transporters,3.0,eval_f1,0.8695652173913043,cross-validation,NA
ankh,transporters,3.0,eval_mcc,0.763160230802893,cross-validation,NA
ankh,transporters,3.0,eval_runtime,1.6867,cross-validation,NA
ankh,transporters,3.0,eval_samples_per_second,163.634,cross-validation,NA
ankh,transporters,3.0,eval_steps_per_second,163.634,cross-validation,NA
ankh,transporters,3.0,epoch,7.0,cross-validation,NA
ankh,transporters,4.0,eval_loss,0.3550239205360412,cross-validation,NA
ankh,transporters,4.0,eval_accuracy,0.9057971014492754,cross-validation,NA
ankh,transporters,4.0,eval_precision,0.873015873015873,cross-validation,NA
ankh,transporters,4.0,eval_recall,0.9166666666666666,cross-validation,NA
ankh,transporters,4.0,eval_f1,0.894308943089431,cross-validation,NA
ankh,transporters,4.0,eval_mcc,0.810216610821425,cross-validation,NA
ankh,transporters,4.0,eval_runtime,1.8084,cross-validation,NA
ankh,transporters,4.0,eval_samples_per_second,152.619,cross-validation,NA
ankh,transporters,4.0,eval_steps_per_second,152.619,cross-validation,NA
ankh,transporters,4.0,epoch,10.0,cross-validation,NA
ankh,transporters,,eval_loss,0.2817726135253906,test,NA
ankh,transporters,,eval_accuracy,0.9222222222222224,test,NA
ankh,transporters,,eval_precision,0.896551724137931,test,NA
ankh,transporters,,eval_recall,0.8666666666666667,test,NA
ankh,transporters,,eval_f1,0.8813559322033899,test,NA
ankh,transporters,,eval_mcc,0.823791232945381,test,NA
ankh,transporters,,eval_runtime,1.718,test,NA
ankh,transporters,,eval_samples_per_second,104.773,test,NA
ankh,transporters,,eval_steps_per_second,104.773,test,NA
ankh,transporters,,epoch,6.99,test,NA
ankh,ionchannels,0.0,eval_loss,0.0666368305683136,cross-validation,NA
ankh,ionchannels,0.0,eval_accuracy,0.9849521203830368,cross-validation,NA
ankh,ionchannels,0.0,eval_precision,0.8958333333333334,cross-validation,NA
ankh,ionchannels,0.0,eval_recall,0.8775510204081632,cross-validation,NA
ankh,ionchannels,0.0,eval_f1,0.8865979381443299,cross-validation,NA
ankh,ionchannels,0.0,eval_mcc,0.8785938086820193,cross-validation,NA
ankh,ionchannels,0.0,eval_runtime,5.1251,cross-validation,NA
ankh,ionchannels,0.0,eval_samples_per_second,142.631,cross-validation,NA
ankh,ionchannels,0.0,eval_steps_per_second,142.631,cross-validation,NA
ankh,ionchannels,0.0,epoch,7.0,cross-validation,NA
ankh,ionchannels,1.0,eval_loss,0.1315593421459198,cross-validation,NA
ankh,ionchannels,1.0,eval_accuracy,0.9863201094391244,cross-validation,NA
ankh,ionchannels,1.0,eval_precision,0.9523809523809524,cross-validation,NA
ankh,ionchannels,1.0,eval_recall,0.8333333333333334,cross-validation,NA
ankh,ionchannels,1.0,eval_f1,0.888888888888889,cross-validation,NA
ankh,ionchannels,1.0,eval_mcc,0.8838665726019553,cross-validation,NA
ankh,ionchannels,1.0,eval_runtime,4.8206,cross-validation,NA
ankh,ionchannels,1.0,eval_samples_per_second,151.64,cross-validation,NA
ankh,ionchannels,1.0,eval_steps_per_second,151.64,cross-validation,NA
ankh,ionchannels,1.0,epoch,9.96,cross-validation,NA
ankh,ionchannels,2.0,eval_loss,0.0745150968432426,cross-validation,NA
ankh,ionchannels,2.0,eval_accuracy,0.9917920656634748,cross-validation,NA
ankh,ionchannels,2.0,eval_precision,1.0,cross-validation,NA
ankh,ionchannels,2.0,eval_recall,0.875,cross-validation,NA
ankh,ionchannels,2.0,eval_f1,0.9333333333333332,cross-validation,NA
ankh,ionchannels,2.0,eval_mcc,0.9313325191617576,cross-validation,NA
ankh,ionchannels,2.0,eval_runtime,4.631,cross-validation,NA
ankh,ionchannels,2.0,eval_samples_per_second,157.85,cross-validation,NA
ankh,ionchannels,2.0,eval_steps_per_second,157.85,cross-validation,NA
ankh,ionchannels,2.0,epoch,9.0,cross-validation,NA
ankh,ionchannels,3.0,eval_loss,0.0472249872982502,cross-validation,NA
ankh,ionchannels,3.0,eval_accuracy,0.9917920656634748,cross-validation,NA
ankh,ionchannels,3.0,eval_precision,0.9565217391304348,cross-validation,NA
ankh,ionchannels,3.0,eval_recall,0.9166666666666666,cross-validation,NA
ankh,ionchannels,3.0,eval_f1,0.9361702127659574,cross-validation,NA
ankh,ionchannels,3.0,eval_mcc,0.9320273350762024,cross-validation,NA
ankh,ionchannels,3.0,eval_runtime,5.0672,cross-validation,NA
ankh,ionchannels,3.0,eval_samples_per_second,144.262,cross-validation,NA
ankh,ionchannels,3.0,eval_steps_per_second,144.262,cross-validation,NA
ankh,ionchannels,3.0,epoch,9.0,cross-validation,NA
ankh,ionchannels,4.0,eval_loss,0.0320550538599491,cross-validation,NA
ankh,ionchannels,4.0,eval_accuracy,0.9917808219178084,cross-validation,NA
ankh,ionchannels,4.0,eval_precision,0.9565217391304348,cross-validation,NA
ankh,ionchannels,4.0,eval_recall,0.9166666666666666,cross-validation,NA
ankh,ionchannels,4.0,eval_f1,0.9361702127659574,cross-validation,NA
ankh,ionchannels,4.0,eval_mcc,0.9320209604701952,cross-validation,NA
ankh,ionchannels,4.0,eval_runtime,5.1657,cross-validation,NA
ankh,ionchannels,4.0,eval_samples_per_second,141.317,cross-validation,NA
ankh,ionchannels,4.0,eval_steps_per_second,141.317,cross-validation,NA
ankh,ionchannels,4.0,epoch,6.0,cross-validation,NA
ankh,ionchannels,,eval_loss,0.1493136882781982,test,NA
ankh,ionchannels,,eval_accuracy,0.9802197802197802,test,NA
ankh,ionchannels,,eval_precision,0.9565217391304348,test,NA
ankh,ionchannels,,eval_recall,0.7333333333333333,test,NA
ankh,ionchannels,,eval_f1,0.8301886792452831,test,NA
ankh,ionchannels,,eval_mcc,0.8280470771926551,test,NA
ankh,ionchannels,,eval_runtime,6.8494,test,NA
ankh,ionchannels,,eval_samples_per_second,132.859,test,NA
ankh,ionchannels,,eval_steps_per_second,132.859,test,NA
ankh,ionchannels,,epoch,6.0,test,NA
ankh,mp,0.0,eval_loss,0.235962375998497,cross-validation,NA
ankh,mp,0.0,eval_accuracy,0.9211425023284694,cross-validation,NA
ankh,mp,0.0,eval_precision,0.8905895691609977,cross-validation,NA
ankh,mp,0.0,eval_recall,0.962622549019608,cross-validation,NA
ankh,mp,0.0,eval_f1,0.925206124852768,cross-validation,NA
ankh,mp,0.0,eval_mcc,0.8449341596081235,cross-validation,NA
ankh,mp,0.0,eval_runtime,15.971,cross-validation,NA
ankh,mp,0.0,eval_samples_per_second,201.678,cross-validation,NA
ankh,mp,0.0,eval_steps_per_second,201.678,cross-validation,NA
ankh,mp,0.0,epoch,6.0,cross-validation,NA
ankh,mp,1.0,eval_loss,0.2538636922836303,cross-validation,NA
ankh,mp,1.0,eval_accuracy,0.9214529649177274,cross-validation,NA
ankh,mp,1.0,eval_precision,0.8928774928774929,cross-validation,NA
ankh,mp,1.0,eval_recall,0.960171568627451,cross-validation,NA
ankh,mp,1.0,eval_f1,0.9253026276941246,cross-validation,NA
ankh,mp,1.0,eval_mcc,0.8451920592366431,cross-validation,NA
ankh,mp,1.0,eval_runtime,16.5984,cross-validation,NA
ankh,mp,1.0,eval_samples_per_second,194.055,cross-validation,NA
ankh,mp,1.0,eval_steps_per_second,194.055,cross-validation,NA
ankh,mp,1.0,epoch,6.0,cross-validation,NA
ankh,mp,2.0,eval_loss,0.2056261599063873,cross-validation,NA
ankh,mp,2.0,eval_accuracy,0.9267080745341616,cross-validation,NA
ankh,mp,2.0,eval_precision,0.9174147217235188,cross-validation,NA
ankh,mp,2.0,eval_recall,0.9399141630901288,cross-validation,NA
ankh,mp,2.0,eval_f1,0.9285281647486372,cross-validation,NA
ankh,mp,2.0,eval_mcc,0.8536074226534618,cross-validation,NA
ankh,mp,2.0,eval_runtime,17.6059,cross-validation,NA
ankh,mp,2.0,eval_samples_per_second,182.893,cross-validation,NA
ankh,mp,2.0,eval_steps_per_second,182.893,cross-validation,NA
ankh,mp,2.0,epoch,6.0,cross-validation,NA
ankh,mp,3.0,eval_loss,0.1926648616790771,cross-validation,NA
ankh,mp,3.0,eval_accuracy,0.9319875776397516,cross-validation,NA
ankh,mp,3.0,eval_precision,0.9148061104582844,cross-validation,NA
ankh,mp,3.0,eval_recall,0.9546290619251993,cross-validation,NA
ankh,mp,3.0,eval_f1,0.9342934293429342,cross-validation,NA
ankh,mp,3.0,eval_mcc,0.8647161905792156,cross-validation,NA
ankh,mp,3.0,eval_runtime,14.8715,cross-validation,NA
ankh,mp,3.0,eval_samples_per_second,216.522,cross-validation,NA
ankh,mp,3.0,eval_steps_per_second,216.522,cross-validation,NA
ankh,mp,3.0,epoch,7.0,cross-validation,NA
ankh,mp,4.0,eval_loss,0.2377041131258011,cross-validation,NA
ankh,mp,4.0,eval_accuracy,0.9198757763975156,cross-validation,NA
ankh,mp,4.0,eval_precision,0.8820255982192543,cross-validation,NA
ankh,mp,4.0,eval_recall,0.9717964438994482,cross-validation,NA
ankh,mp,4.0,eval_f1,0.9247374562427072,cross-validation,NA
ankh,mp,4.0,eval_mcc,0.8440203845868711,cross-validation,NA
ankh,mp,4.0,eval_runtime,17.6413,cross-validation,NA
ankh,mp,4.0,eval_samples_per_second,182.526,cross-validation,NA
ankh,mp,4.0,eval_steps_per_second,182.526,cross-validation,NA
ankh,mp,4.0,epoch,6.0,cross-validation,NA
ankh,mp,,eval_loss,0.2085891515016555,test,NA
ankh,mp,,eval_accuracy,0.9212290502793296,test,NA
ankh,mp,,eval_precision,0.8892276422764228,test,NA
ankh,mp,,eval_recall,0.9647188533627344,test,NA
ankh,mp,,eval_f1,0.9254362771020624,test,NA
ankh,mp,,eval_mcc,0.8453906647371416,test,NA
ankh,mp,,eval_runtime,9.8309,test,NA
ankh,mp,,eval_samples_per_second,182.079,test,NA
ankh,mp,,eval_steps_per_second,182.079,test,NA
ankh,mp,,epoch,6.0,test,NA
p2s,SSP,0.0,eval_loss,0.3497657477855682,cross-validation,ssp3
p2s,SSP,0.0,eval_accuracy,0.8523403411344704,cross-validation,ssp3
p2s,SSP,0.0,eval_precision,0.8628681394275345,cross-validation,ssp3
p2s,SSP,0.0,eval_recall,0.8398660589887644,cross-validation,ssp3
p2s,SSP,0.0,eval_f1,0.84951436662924,cross-validation,ssp3
p2s,SSP,0.0,eval_runtime,73.4455,cross-validation,ssp3
p2s,SSP,0.0,eval_samples_per_second,29.396,cross-validation,ssp3
p2s,SSP,0.0,eval_steps_per_second,29.396,cross-validation,ssp3
p2s,SSP,0.0,epoch,6.0,cross-validation,ssp3
p2s,SSP,1.0,eval_loss,0.3590116500854492,cross-validation,ssp3
p2s,SSP,1.0,eval_accuracy,0.8527414087112344,cross-validation,ssp3
p2s,SSP,1.0,eval_precision,0.8565134673019568,cross-validation,ssp3
p2s,SSP,1.0,eval_recall,0.8479117716812002,cross-validation,ssp3
p2s,SSP,1.0,eval_f1,0.851841312310546,cross-validation,ssp3
p2s,SSP,1.0,eval_runtime,93.9688,cross-validation,ssp3
p2s,SSP,1.0,eval_samples_per_second,22.976,cross-validation,ssp3
p2s,SSP,1.0,eval_steps_per_second,22.976,cross-validation,ssp3
p2s,SSP,1.0,epoch,6.0,cross-validation,ssp3
p2s,SSP,2.0,eval_loss,0.3587225377559662,cross-validation,ssp3
p2s,SSP,2.0,eval_accuracy,0.8514594199258285,cross-validation,ssp3
p2s,SSP,2.0,eval_precision,0.8572769938498661,cross-validation,ssp3
p2s,SSP,2.0,eval_recall,0.8441144138286255,cross-validation,ssp3
p2s,SSP,2.0,eval_f1,0.8500149601391213,cross-validation,ssp3
p2s,SSP,2.0,eval_runtime,51.8505,cross-validation,ssp3
p2s,SSP,2.0,eval_samples_per_second,41.62,cross-validation,ssp3
p2s,SSP,2.0,eval_steps_per_second,41.62,cross-validation,ssp3
p2s,SSP,2.0,epoch,6.0,cross-validation,ssp3
p2s,SSP,3.0,eval_loss,0.3591401278972626,cross-validation,ssp3
p2s,SSP,3.0,eval_accuracy,0.8528303988901946,cross-validation,ssp3
p2s,SSP,3.0,eval_precision,0.8540534794746694,cross-validation,ssp3
p2s,SSP,3.0,eval_recall,0.8495313604239415,cross-validation,ssp3
p2s,SSP,3.0,eval_f1,0.8516843949788653,cross-validation,ssp3
p2s,SSP,3.0,eval_runtime,122.4825,cross-validation,ssp3
p2s,SSP,3.0,eval_samples_per_second,17.619,cross-validation,ssp3
p2s,SSP,3.0,eval_steps_per_second,17.619,cross-validation,ssp3
p2s,SSP,3.0,epoch,6.0,cross-validation,ssp3
p2s,SSP,4.0,eval_loss,0.3639526069164276,cross-validation,ssp3
p2s,SSP,4.0,eval_accuracy,0.8504600410889472,cross-validation,ssp3
p2s,SSP,4.0,eval_precision,0.8548111494896057,cross-validation,ssp3
p2s,SSP,4.0,eval_recall,0.8433758162742832,cross-validation,ssp3
p2s,SSP,4.0,eval_f1,0.8485652967651974,cross-validation,ssp3
p2s,SSP,4.0,eval_runtime,79.4031,cross-validation,ssp3
p2s,SSP,4.0,eval_samples_per_second,27.178,cross-validation,ssp3
p2s,SSP,4.0,eval_steps_per_second,27.178,cross-validation,ssp3
p2s,SSP,4.0,epoch,6.0,cross-validation,ssp3
p2s,SSP,,eval_loss,0.6207150220870972,casp12,ssp3
p2s,SSP,,eval_accuracy,0.7660638141449787,casp12,ssp3
p2s,SSP,,eval_precision,0.7704537391602321,casp12,ssp3
p2s,SSP,,eval_recall,0.7540160912332722,casp12,ssp3
p2s,SSP,,eval_f1,0.7590092988988077,casp12,ssp3
p2s,SSP,,eval_runtime,1.0629,casp12,ssp3
p2s,SSP,,eval_samples_per_second,18.816,casp12,ssp3
p2s,SSP,,eval_steps_per_second,18.816,casp12,ssp3
p2s,SSP,,epoch,6.0,casp12,ssp3
p2s,SSP,,eval_loss,0.4136771261692047,casp13,ssp3
p2s,SSP,,eval_accuracy,0.839278220730172,casp13,ssp3
p2s,SSP,,eval_precision,0.8452387672643548,casp13,ssp3
p2s,SSP,,eval_recall,0.8358615452496965,casp13,ssp3
p2s,SSP,,eval_f1,0.8402083361674033,casp13,ssp3
p2s,SSP,,eval_runtime,0.3178,casp13,ssp3
p2s,SSP,,eval_samples_per_second,37.756,casp13,ssp3
p2s,SSP,,eval_steps_per_second,37.756,casp13,ssp3
p2s,SSP,,epoch,6.0,casp13,ssp3
p2s,SSP,,eval_loss,0.626337468624115,casp14,ssp3
p2s,SSP,,eval_accuracy,0.7385548814120243,casp14,ssp3
p2s,SSP,,eval_precision,0.694781081755855,casp14,ssp3
p2s,SSP,,eval_recall,0.7253690861424303,casp14,ssp3
p2s,SSP,,eval_f1,0.7073725876463811,casp14,ssp3
p2s,SSP,,eval_runtime,0.6833,casp14,ssp3
p2s,SSP,,eval_samples_per_second,26.343,casp14,ssp3
p2s,SSP,,eval_steps_per_second,26.343,casp14,ssp3
p2s,SSP,,epoch,6.0,casp14,ssp3
p2s,SSP,,eval_loss,0.3685823976993561,ts115,ssp3
p2s,SSP,,eval_accuracy,0.848606248316725,ts115,ssp3
p2s,SSP,,eval_precision,0.8487927448541583,ts115,ssp3
p2s,SSP,,eval_recall,0.8375247101956157,ts115,ssp3
p2s,SSP,,eval_f1,0.8427565918613311,ts115,ssp3
p2s,SSP,,eval_runtime,5.621,ts115,ssp3
p2s,SSP,,eval_samples_per_second,20.459,ts115,ssp3
p2s,SSP,,eval_steps_per_second,20.459,ts115,ssp3
p2s,SSP,,epoch,6.0,ts115,ssp3
p2s,SSP,,eval_loss,0.4075920581817627,cb513,ssp3
p2s,SSP,,eval_accuracy,0.8426439646971412,cb513,ssp3
p2s,SSP,,eval_precision,0.8477661926760757,cb513,ssp3
p2s,SSP,,eval_recall,0.8331608662871864,cb513,ssp3
p2s,SSP,,eval_f1,0.8395946326370974,cb513,ssp3
p2s,SSP,,eval_runtime,21.0561,cb513,ssp3
p2s,SSP,,eval_samples_per_second,24.268,cb513,ssp3
p2s,SSP,,eval_steps_per_second,24.268,cb513,ssp3
p2s,SSP,,epoch,6.0,cb513,ssp3
p2s,SSP,0.0,eval_loss,0.6885985732078552,cross-validation,ssp8
p2s,SSP,0.0,eval_accuracy,0.7430222494681042,cross-validation,ssp8
p2s,SSP,0.0,eval_precision,0.6763279517433547,cross-validation,ssp8
p2s,SSP,0.0,eval_recall,0.4871675865947455,cross-validation,ssp8
p2s,SSP,0.0,eval_f1,0.5220660381927748,cross-validation,ssp8
p2s,SSP,0.0,eval_runtime,97.4536,cross-validation,ssp8
p2s,SSP,0.0,eval_samples_per_second,22.154,cross-validation,ssp8
p2s,SSP,0.0,eval_steps_per_second,22.154,cross-validation,ssp8
p2s,SSP,0.0,epoch,6.0,cross-validation,ssp8
p2s,SSP,1.0,eval_loss,0.6969506740570068,cross-validation,ssp8
p2s,SSP,1.0,eval_accuracy,0.7423733344894361,cross-validation,ssp8
p2s,SSP,1.0,eval_precision,0.6649313898811753,cross-validation,ssp8
p2s,SSP,1.0,eval_recall,0.4932668023282143,cross-validation,ssp8
p2s,SSP,1.0,eval_f1,0.5242156828241257,cross-validation,ssp8
p2s,SSP,1.0,eval_runtime,58.4474,cross-validation,ssp8
p2s,SSP,1.0,eval_samples_per_second,36.939,cross-validation,ssp8
p2s,SSP,1.0,eval_steps_per_second,36.939,cross-validation,ssp8
p2s,SSP,1.0,epoch,6.0,cross-validation,ssp8
p2s,SSP,2.0,eval_loss,0.6931882500648499,cross-validation,ssp8
p2s,SSP,2.0,eval_accuracy,0.7437999586294529,cross-validation,ssp8
p2s,SSP,2.0,eval_precision,0.6726682506403869,cross-validation,ssp8
p2s,SSP,2.0,eval_recall,0.4810216167858091,cross-validation,ssp8
p2s,SSP,2.0,eval_f1,0.5133194358753526,cross-validation,ssp8
p2s,SSP,2.0,eval_runtime,54.0227,cross-validation,ssp8
p2s,SSP,2.0,eval_samples_per_second,39.946,cross-validation,ssp8
p2s,SSP,2.0,eval_steps_per_second,39.946,cross-validation,ssp8
p2s,SSP,2.0,epoch,6.0,cross-validation,ssp8
p2s,SSP,3.0,eval_loss,0.6998187899589539,cross-validation,ssp8
p2s,SSP,3.0,eval_accuracy,0.7439523157482381,cross-validation,ssp8
p2s,SSP,3.0,eval_precision,0.6566125188316551,cross-validation,ssp8
p2s,SSP,3.0,eval_recall,0.4857716691951976,cross-validation,ssp8
p2s,SSP,3.0,eval_f1,0.5193647058694495,cross-validation,ssp8
p2s,SSP,3.0,eval_runtime,52.3617,cross-validation,ssp8
p2s,SSP,3.0,eval_samples_per_second,41.213,cross-validation,ssp8
p2s,SSP,3.0,eval_steps_per_second,41.213,cross-validation,ssp8
p2s,SSP,3.0,epoch,6.0,cross-validation,ssp8
p2s,SSP,4.0,eval_loss,0.7071828246116638,cross-validation,ssp8
p2s,SSP,4.0,eval_accuracy,0.7405534201407991,cross-validation,ssp8
p2s,SSP,4.0,eval_precision,0.6456180809081011,cross-validation,ssp8
p2s,SSP,4.0,eval_recall,0.4805826886366158,cross-validation,ssp8
p2s,SSP,4.0,eval_f1,0.5063211021093152,cross-validation,ssp8
p2s,SSP,4.0,eval_runtime,51.6699,cross-validation,ssp8
p2s,SSP,4.0,eval_samples_per_second,41.765,cross-validation,ssp8
p2s,SSP,4.0,eval_steps_per_second,41.765,cross-validation,ssp8
p2s,SSP,4.0,epoch,6.0,cross-validation,ssp8
p2s,SSP,,eval_loss,1.0275795459747314,casp12,ssp8
p2s,SSP,,eval_accuracy,0.6487281282164388,casp12,ssp8
p2s,SSP,,eval_precision,0.5967062138723033,casp12,ssp8
p2s,SSP,,eval_recall,0.3824109531229495,casp12,ssp8
p2s,SSP,,eval_f1,0.3988755362758011,casp12,ssp8
p2s,SSP,,eval_runtime,0.6079,casp12,ssp8
p2s,SSP,,eval_samples_per_second,32.898,casp12,ssp8
p2s,SSP,,eval_steps_per_second,32.898,casp12,ssp8
p2s,SSP,,epoch,6.0,casp12,ssp8
p2s,SSP,,eval_loss,0.7864692211151123,casp13,ssp8
p2s,SSP,,eval_accuracy,0.702475870751154,casp13,ssp8
p2s,SSP,,eval_precision,0.5166308029273832,casp13,ssp8
p2s,SSP,,eval_recall,0.4288198359974061,casp13,ssp8
p2s,SSP,,eval_f1,0.4387251698005198,casp13,ssp8
p2s,SSP,,eval_runtime,0.1777,casp13,ssp8
p2s,SSP,,eval_samples_per_second,67.53,casp13,ssp8
p2s,SSP,,eval_steps_per_second,67.53,casp13,ssp8
p2s,SSP,,epoch,6.0,casp13,ssp8
p2s,SSP,,eval_loss,1.1348546743392944,casp14,ssp8
p2s,SSP,,eval_accuracy,0.5824600110314396,casp14,ssp8
p2s,SSP,,eval_precision,0.369541654144103,casp14,ssp8
p2s,SSP,,eval_recall,0.3334126943024492,casp14,ssp8
p2s,SSP,,eval_f1,0.3260024262539792,casp14,ssp8
p2s,SSP,,eval_runtime,0.3848,casp14,ssp8
p2s,SSP,,eval_samples_per_second,46.775,casp14,ssp8
p2s,SSP,,eval_steps_per_second,46.775,casp14,ssp8
p2s,SSP,,epoch,6.0,casp14,ssp8
p2s,SSP,,eval_loss,0.723124623298645,ts115,ssp8
p2s,SSP,,eval_accuracy,0.7410786426070562,ts115,ssp8
p2s,SSP,,eval_precision,0.6787101940540352,ts115,ssp8
p2s,SSP,,eval_recall,0.4730887175062236,ts115,ssp8
p2s,SSP,,eval_f1,0.5071235599669355,ts115,ssp8
p2s,SSP,,eval_runtime,2.5472,ts115,ssp8
p2s,SSP,,eval_samples_per_second,45.148,ts115,ssp8
p2s,SSP,,eval_steps_per_second,45.148,ts115,ssp8
p2s,SSP,,epoch,6.0,ts115,ssp8
p2s,SSP,,eval_loss,0.8058644533157349,cb513,ssp8
p2s,SSP,,eval_accuracy,0.7108207011964364,cb513,ssp8
p2s,SSP,,eval_precision,0.6158069313339165,cb513,ssp8
p2s,SSP,,eval_recall,0.478444588072811,cb513,ssp8
p2s,SSP,,eval_f1,0.5016076968794552,cb513,ssp8
p2s,SSP,,eval_runtime,8.9257,cb513,ssp8
p2s,SSP,,eval_samples_per_second,57.25,cb513,ssp8
p2s,SSP,,eval_steps_per_second,57.25,cb513,ssp8
p2s,SSP,,epoch,6.0,cb513,ssp8
ankh,SSP,0.0,eval_loss,0.3457396924495697,cross-validation,ssp3
ankh,SSP,0.0,eval_accuracy,0.8539666798889329,cross-validation,ssp3
ankh,SSP,0.0,eval_precision,0.8543454200358163,cross-validation,ssp3
ankh,SSP,0.0,eval_recall,0.8508506999873188,cross-validation,ssp3
ankh,SSP,0.0,eval_f1,0.852532776446482,cross-validation,ssp3
ankh,SSP,0.0,eval_runtime,64.0154,cross-validation,ssp3
ankh,SSP,0.0,eval_samples_per_second,33.726,cross-validation,ssp3
ankh,SSP,0.0,eval_steps_per_second,33.726,cross-validation,ssp3
ankh,SSP,0.0,epoch,6.0,cross-validation,ssp3
ankh,SSP,1.0,eval_loss,0.3493550717830658,cross-validation,ssp3
ankh,SSP,1.0,eval_accuracy,0.8539173820052602,cross-validation,ssp3
ankh,SSP,1.0,eval_precision,0.8567644274914393,cross-validation,ssp3
ankh,SSP,1.0,eval_recall,0.8494035565878887,cross-validation,ssp3
ankh,SSP,1.0,eval_f1,0.8528366616106812,cross-validation,ssp3
ankh,SSP,1.0,eval_runtime,55.3541,cross-validation,ssp3
ankh,SSP,1.0,eval_samples_per_second,39.003,cross-validation,ssp3
ankh,SSP,1.0,eval_steps_per_second,39.003,cross-validation,ssp3
ankh,SSP,1.0,epoch,6.0,cross-validation,ssp3
ankh,SSP,2.0,eval_loss,0.3525412082672119,cross-validation,ssp3
ankh,SSP,2.0,eval_accuracy,0.8531271701068247,cross-validation,ssp3
ankh,SSP,2.0,eval_precision,0.8552283612355636,cross-validation,ssp3
ankh,SSP,2.0,eval_recall,0.8499652916644435,cross-validation,ssp3
ankh,SSP,2.0,eval_f1,0.8524766171259227,cross-validation,ssp3
ankh,SSP,2.0,eval_runtime,68.122,cross-validation,ssp3
ankh,SSP,2.0,eval_samples_per_second,31.678,cross-validation,ssp3
ankh,SSP,2.0,eval_steps_per_second,31.678,cross-validation,ssp3
ankh,SSP,2.0,epoch,6.0,cross-validation,ssp3
ankh,SSP,3.0,eval_loss,0.3518379926681518,cross-validation,ssp3
ankh,SSP,3.0,eval_accuracy,0.8536965358117069,cross-validation,ssp3
ankh,SSP,3.0,eval_precision,0.8579473887959573,cross-validation,ssp3
ankh,SSP,3.0,eval_recall,0.8471420832415103,cross-validation,ssp3
ankh,SSP,3.0,eval_f1,0.8520695804705922,cross-validation,ssp3
ankh,SSP,3.0,eval_runtime,73.5275,cross-validation,ssp3
ankh,SSP,3.0,eval_samples_per_second,29.35,cross-validation,ssp3
ankh,SSP,3.0,eval_steps_per_second,29.35,cross-validation,ssp3
ankh,SSP,3.0,epoch,6.0,cross-validation,ssp3
ankh,SSP,4.0,eval_loss,0.3530392646789551,cross-validation,ssp3
ankh,SSP,4.0,eval_accuracy,0.8522493402861075,cross-validation,ssp3
ankh,SSP,4.0,eval_precision,0.8535869458584484,cross-validation,ssp3
ankh,SSP,4.0,eval_recall,0.8491063226870322,cross-validation,ssp3
ankh,SSP,4.0,eval_f1,0.8511993350019345,cross-validation,ssp3
ankh,SSP,4.0,eval_runtime,102.3869,cross-validation,ssp3
ankh,SSP,4.0,eval_samples_per_second,21.077,cross-validation,ssp3
ankh,SSP,4.0,eval_steps_per_second,21.077,cross-validation,ssp3
ankh,SSP,4.0,epoch,6.0,cross-validation,ssp3
ankh,SSP,,eval_loss,0.5746758580207825,casp12,ssp3
ankh,SSP,,eval_accuracy,0.7662108513453904,casp12,ssp3
ankh,SSP,,eval_precision,0.7648607493421741,casp12,ssp3
ankh,SSP,,eval_recall,0.756843788059759,casp12,ssp3
ankh,SSP,,eval_f1,0.760528835578902,casp12,ssp3
ankh,SSP,,eval_runtime,0.7025,casp12,ssp3
ankh,SSP,,eval_samples_per_second,28.471,casp12,ssp3
ankh,SSP,,eval_steps_per_second,28.471,casp12,ssp3
ankh,SSP,,epoch,6.0,casp12,ssp3
ankh,SSP,,eval_loss,0.4099489152431488,casp13,ssp3
ankh,SSP,,eval_accuracy,0.8275283256399496,casp13,ssp3
ankh,SSP,,eval_precision,0.836085353837111,casp13,ssp3
ankh,SSP,,eval_recall,0.8240521501553931,casp13,ssp3
ankh,SSP,,eval_f1,0.8288841736359179,casp13,ssp3
ankh,SSP,,eval_runtime,0.2181,casp13,ssp3
ankh,SSP,,eval_samples_per_second,55.026,casp13,ssp3
ankh,SSP,,eval_steps_per_second,55.026,casp13,ssp3
ankh,SSP,,epoch,6.0,casp13,ssp3
ankh,SSP,,eval_loss,0.5967702269554138,casp14,ssp3
ankh,SSP,,eval_accuracy,0.7495863210148924,casp14,ssp3
ankh,SSP,,eval_precision,0.7122165498225606,casp14,ssp3
ankh,SSP,,eval_recall,0.7336813540503956,casp14,ssp3
ankh,SSP,,eval_f1,0.717812028456338,casp14,ssp3
ankh,SSP,,eval_runtime,0.4747,casp14,ssp3
ankh,SSP,,eval_samples_per_second,37.923,casp14,ssp3
ankh,SSP,,eval_steps_per_second,37.923,casp14,ssp3
ankh,SSP,,epoch,6.0,casp14,ssp3
ankh,SSP,,eval_loss,0.3667448163032532,ts115,ssp3
ankh,SSP,,eval_accuracy,0.8457446808510638,ts115,ssp3
ankh,SSP,,eval_precision,0.8461843007214686,ts115,ssp3
ankh,SSP,,eval_recall,0.8386375006900141,ts115,ssp3
ankh,SSP,,eval_f1,0.841715771539981,ts115,ssp3
ankh,SSP,,eval_runtime,2.67,ts115,ssp3
ankh,SSP,,eval_samples_per_second,43.072,ts115,ssp3
ankh,SSP,,eval_steps_per_second,43.072,ts115,ssp3
ankh,SSP,,epoch,6.0,ts115,ssp3
ankh,SSP,,eval_loss,0.3908608555793762,cb513,ssp3
ankh,SSP,,eval_accuracy,0.8413871162619522,cb513,ssp3
ankh,SSP,,eval_precision,0.8464956364191313,cb513,ssp3
ankh,SSP,,eval_recall,0.834575842406946,cb513,ssp3
ankh,SSP,,eval_f1,0.8396180741961278,cb513,ssp3
ankh,SSP,,eval_runtime,9.4571,cb513,ssp3
ankh,SSP,,eval_samples_per_second,54.033,cb513,ssp3
ankh,SSP,,eval_steps_per_second,54.033,cb513,ssp3
ankh,SSP,,epoch,6.0,cb513,ssp3
ankh,SSP,0.0,eval_loss,0.6770023703575134,cross-validation,ssp8
ankh,SSP,0.0,eval_accuracy,0.7473585518012332,cross-validation,ssp8
ankh,SSP,0.0,eval_precision,0.6633370241770833,cross-validation,ssp8
ankh,SSP,0.0,eval_recall,0.5024529098849857,cross-validation,ssp8
ankh,SSP,0.0,eval_f1,0.5387686456562027,cross-validation,ssp8
ankh,SSP,0.0,eval_runtime,62.9028,cross-validation,ssp8
ankh,SSP,0.0,eval_samples_per_second,34.323,cross-validation,ssp8
ankh,SSP,0.0,eval_steps_per_second,34.323,cross-validation,ssp8
ankh,SSP,0.0,epoch,6.0,cross-validation,ssp8
ankh,SSP,1.0,eval_loss,0.6773862242698669,cross-validation,ssp8
ankh,SSP,1.0,eval_accuracy,0.7465587878262377,cross-validation,ssp8
ankh,SSP,1.0,eval_precision,0.6743352423493942,cross-validation,ssp8
ankh,SSP,1.0,eval_recall,0.4982171524948381,cross-validation,ssp8
ankh,SSP,1.0,eval_f1,0.5325157845489672,cross-validation,ssp8
ankh,SSP,1.0,eval_runtime,54.5902,cross-validation,ssp8
ankh,SSP,1.0,eval_samples_per_second,39.549,cross-validation,ssp8
ankh,SSP,1.0,eval_steps_per_second,39.549,cross-validation,ssp8
ankh,SSP,1.0,epoch,6.0,cross-validation,ssp8
ankh,SSP,2.0,eval_loss,0.6791310906410217,cross-validation,ssp8
ankh,SSP,2.0,eval_accuracy,0.7475528582615505,cross-validation,ssp8
ankh,SSP,2.0,eval_precision,0.670220788396327,cross-validation,ssp8
ankh,SSP,2.0,eval_recall,0.4917857773148799,cross-validation,ssp8
ankh,SSP,2.0,eval_f1,0.5268595028332377,cross-validation,ssp8
ankh,SSP,2.0,eval_runtime,43.9232,cross-validation,ssp8
ankh,SSP,2.0,eval_samples_per_second,49.131,cross-validation,ssp8
ankh,SSP,2.0,eval_steps_per_second,49.131,cross-validation,ssp8
ankh,SSP,2.0,epoch,6.0,cross-validation,ssp8
ankh,SSP,3.0,eval_loss,0.6824418306350708,cross-validation,ssp8
ankh,SSP,3.0,eval_accuracy,0.7467142502884128,cross-validation,ssp8
ankh,SSP,3.0,eval_precision,0.6585357267276924,cross-validation,ssp8
ankh,SSP,3.0,eval_recall,0.5016811557772778,cross-validation,ssp8
ankh,SSP,3.0,eval_f1,0.5362300486315545,cross-validation,ssp8
ankh,SSP,3.0,eval_runtime,50.2204,cross-validation,ssp8
ankh,SSP,3.0,eval_samples_per_second,42.971,cross-validation,ssp8
ankh,SSP,3.0,eval_steps_per_second,42.971,cross-validation,ssp8
ankh,SSP,3.0,epoch,6.0,cross-validation,ssp8
ankh,SSP,4.0,eval_loss,0.6900544762611389,cross-validation,ssp8
ankh,SSP,4.0,eval_accuracy,0.743915571051592,cross-validation,ssp8
ankh,SSP,4.0,eval_precision,0.6430933378597217,cross-validation,ssp8
ankh,SSP,4.0,eval_recall,0.4923271392380927,cross-validation,ssp8
ankh,SSP,4.0,eval_f1,0.5273657436394928,cross-validation,ssp8
ankh,SSP,4.0,eval_runtime,41.1453,cross-validation,ssp8
ankh,SSP,4.0,eval_samples_per_second,52.448,cross-validation,ssp8
ankh,SSP,4.0,eval_steps_per_second,52.448,cross-validation,ssp8
ankh,SSP,4.0,epoch,6.0,cross-validation,ssp8
ankh,SSP,,eval_loss,0.9915935397148132,casp12,ssp8
ankh,SSP,,eval_accuracy,0.6553448022349655,casp12,ssp8
ankh,SSP,,eval_precision,0.4742984402813925,casp12,ssp8
ankh,SSP,,eval_recall,0.3944440771862034,casp12,ssp8
ankh,SSP,,eval_f1,0.4070208786109328,casp12,ssp8
ankh,SSP,,eval_runtime,0.5859,casp12,ssp8
ankh,SSP,,eval_samples_per_second,34.136,casp12,ssp8
ankh,SSP,,eval_steps_per_second,34.136,casp12,ssp8
ankh,SSP,,epoch,6.0,casp12,ssp8
ankh,SSP,,eval_loss,0.7766121029853821,casp13,ssp8
ankh,SSP,,eval_accuracy,0.7045740663029795,casp13,ssp8
ankh,SSP,,eval_precision,0.5134099300633721,casp13,ssp8
ankh,SSP,,eval_recall,0.4328452560833956,casp13,ssp8
ankh,SSP,,eval_f1,0.4448896067101062,casp13,ssp8
ankh,SSP,,eval_runtime,0.1376,casp13,ssp8
ankh,SSP,,eval_samples_per_second,87.197,casp13,ssp8
ankh,SSP,,eval_steps_per_second,87.197,casp13,ssp8
ankh,SSP,,epoch,6.0,casp13,ssp8
ankh,SSP,,eval_loss,1.1042412519454956,casp14,ssp8
ankh,SSP,,eval_accuracy,0.5901820187534473,casp14,ssp8
ankh,SSP,,eval_precision,0.3665903309646654,casp14,ssp8
ankh,SSP,,eval_recall,0.3397453907145134,casp14,ssp8
ankh,SSP,,eval_f1,0.3279824611201105,casp14,ssp8
ankh,SSP,,eval_runtime,0.3141,casp14,ssp8
ankh,SSP,,eval_samples_per_second,57.303,casp14,ssp8
ankh,SSP,,eval_steps_per_second,57.303,casp14,ssp8
ankh,SSP,,epoch,6.0,casp14,ssp8
ankh,SSP,,eval_loss,0.7018446922302246,ts115,ssp8
ankh,SSP,,eval_accuracy,0.7463304605440345,ts115,ssp8
ankh,SSP,,eval_precision,0.6646568554303562,ts115,ssp8
ankh,SSP,,eval_recall,0.4864504166688646,ts115,ssp8
ankh,SSP,,eval_f1,0.5219807881485934,ts115,ssp8
ankh,SSP,,eval_runtime,2.3433,ts115,ssp8
ankh,SSP,,eval_samples_per_second,49.076,ts115,ssp8
ankh,SSP,,eval_steps_per_second,49.076,ts115,ssp8
ankh,SSP,,epoch,6.0,ts115,ssp8
ankh,SSP,,eval_loss,0.7787359952926636,cb513,ssp8
ankh,SSP,,eval_accuracy,0.7169452333502302,cb513,ssp8
ankh,SSP,,eval_precision,0.6105729769835716,cb513,ssp8
ankh,SSP,,eval_recall,0.4914817104884693,cb513,ssp8
ankh,SSP,,eval_f1,0.5180668607725548,cb513,ssp8
ankh,SSP,,eval_runtime,8.6691,cb513,ssp8
ankh,SSP,,eval_samples_per_second,58.945,cb513,ssp8
ankh,SSP,,eval_steps_per_second,58.945,cb513,ssp8
ankh,SSP,,epoch,6.0,cb513,ssp8
